timestamp,salinity_mol_L,temperature_C,pH,turbidity_NTU,pump_pressure_bar,permeate_flow_Lh,permeate_conductivity_uScm,membrane_area_m2,fouling_factor
2025-01-01T00:00,0.692,26.5,7.59,2.1,52.0,922,535,50,0.11
2025-01-01T01:00,0.677,25.4,7.68,3.7,52.2,939,539,50,0.19
2025-01-01T02:00,0.696,23.2,7.57,4.4,52.8,990,539,50,0.21
2025-01-01T03:00,0.718,21.5,7.65,7.8,59.1,1023,543,50,0.28
2025-01-01T04:00,0.674,24.9,7.38,5.8,53.3,961,535,50,0.11
2025-01-01T05:00,0.674,24.2,7.74,3.0,52.8,961,541,50,0.24
2025-01-01T06:00,0.719,25.5,7.7,5.7,52.0,960,531,50,0.01
2025-01-01T07:00,0.699,24.9,7.56,2.7,53.7,957,536,50,0.14
2025-01-01T08:00,0.668,26.0,7.81,6.6,52.0,923,538,50,0.19
2025-01-01T09:00,0.694,22.1,7.86,4.3,58.0,1012,542,50,0.25
2025-01-01T10:00,0.668,26.8,7.43,4.9,54.4,901,539,50,0.21
2025-01-01T11:00,0.668,24.0,7.57,7.0,54.4,982,535,50,0.12
2025-01-01T12:00,0.686,28.0,7.57,3.1,52.0,884,535,50,0.11
2025-01-01T13:00,0.65,21.9,7.54,2.9,56.5,1023,539,50,0.2
2025-01-01T14:00,0.65,28.0,7.84,4.1,52.0,873,538,50,0.19
2025-01-01T15:00,0.666,24.2,7.67,6.6,53.0,969,538,50,0.18
2025-01-01T16:00,0.655,22.2,7.66,2.7,52.0,1025,536,50,0.15
2025-01-01T17:00,0.688,22.6,7.36,2.0,60.9,1001,541,50,0.24
2025-01-01T18:00,0.657,23.1,7.81,4.3,55.2,1000,537,50,0.16
2025-01-01T19:00,0.65,25.0,7.49,5.8,54.1,945,539,50,0.21
2025-01-01T20:00,0.717,25.3,7.71,6.8,57.3,911,549,50,0.4
2025-01-01T21:00,0.674,22.6,7.75,4.3,53.1,1022,534,50,0.09
2025-01-01T22:00,0.682,24.0,7.93,4.4,52.0,991,533,50,0.06
2025-01-01T23:00,0.65,28.0,7.48,6.7,52.0,859,543,50,0.29
2025-01-02T00:00,0.666,28.0,7.3,2.2,52.6,882,536,50,0.13
2025-01-02T01:00,0.683,25.3,7.73,4.4,52.0,942,538,50,0.18
2025-01-02T02:00,0.651,24.4,8.01,5.3,52.0,969,536,50,0.15
2025-01-02T03:00,0.689,24.6,7.91,5.7,53.3,957,539,50,0.2
2025-01-02T04:00,0.665,25.9,7.74,4.2,57.0,906,545,50,0.33
2025-01-02T05:00,0.673,21.9,7.62,5.1,58.6,1015,542,50,0.27
2025-01-02T06:00,0.665,23.8,7.84,2.0,53.5,969,541,50,0.25
2025-01-02T07:00,0.726,20.3,7.53,4.0,60.1,1050,535,50,0.09
2025-01-02T08:00,0.68,25.6,7.78,5.7,52.9,943,536,50,0.12
2025-01-02T09:00,0.654,26.2,7.79,3.5,52.0,943,530,50,0.01
2025-01-02T10:00,0.701,23.5,7.88,5.1,56.1,993,537,50,0.15
2025-01-02T11:00,0.65,28.0,8.1,5.7,55.6,859,543,50,0.29
2025-01-02T12:00,0.685,21.7,7.77,4.5,62.4,1023,541,50,0.25
2025-01-02T13:00,0.65,21.1,7.61,5.3,56.5,1044,538,50,0.19
2025-01-02T14:00,0.65,25.4,7.7,3.6,55.5,938,538,50,0.19
2025-01-02T15:00,0.685,27.5,7.4,4.7,52.0,891,537,50,0.15
2025-01-02T16:00,0.698,28.0,7.58,5.9,52.0,867,541,50,0.24
2025-01-02T17:00,0.684,23.8,7.63,5.2,53.4,966,542,50,0.27
2025-01-02T18:00,0.677,27.7,7.61,4.1,52.0,897,533,50,0.07
2025-01-02T19:00,0.672,25.0,7.73,5.3,52.8,943,541,50,0.24
2025-01-02T20:00,0.65,24.7,7.56,6.1,56.8,942,543,50,0.3
2025-01-02T21:00,0.662,27.4,7.89,2.0,52.0,896,536,50,0.15
2025-01-02T22:00,0.668,26.8,7.7,6.7,52.0,890,543,50,0.28
2025-01-02T23:00,0.706,21.3,7.7,4.5,62.5,1008,550,50,0.43
2025-01-03T00:00,0.689,28.0,7.64,5.6,52.3,871,539,50,0.21
2025-01-03T01:00,0.65,28.0,7.73,6.8,52.0,864,541,50,0.26
2025-01-03T02:00,0.688,23.8,7.84,2.9,55.2,987,536,50,0.13
2025-01-03T03:00,0.67,26.4,7.55,3.9,52.7,910,539,50,0.21
2025-01-03T04:00,0.663,26.7,7.59,4.6,52.8,899,541,50,0.24
2025-01-03T05:00,0.695,26.1,7.65,3.8,52.2,917,540,50,0.21
2025-01-03T06:00,0.706,24.1,7.47,7.6,52.0,975,537,50,0.15
2025-01-03T07:00,0.703,23.9,7.56,3.7,53.5,973,540,50,0.21
2025-01-03T08:00,0.659,25.5,7.62,4.2,56.1,917,544,50,0.32
2025-01-03T09:00,0.672,28.0,7.85,5.3,52.0,865,541,50,0.25
2025-01-03T10:00,0.688,27.0,7.74,3.2,52.3,887,542,50,0.27
2025-01-03T11:00,0.704,24.8,7.73,4.4,53.2,955,539,50,0.19
2025-01-03T12:00,0.668,27.7,7.84,5.5,52.0,870,542,50,0.27
2025-01-03T13:00,0.675,18.7,7.68,4.5,63.5,1050,540,50,0.23
2025-01-03T14:00,0.652,28.0,7.77,4.9,52.0,881,536,50,0.13
2025-01-03T15:00,0.65,21.5,7.68,4.2,55.5,1031,540,50,0.23
2025-01-03T16:00,0.7,25.0,7.75,2.7,53.6,960,535,50,0.11
2025-01-03T17:00,0.714,23.1,7.6,5.5,55.3,999,538,50,0.16
2025-01-03T18:00,0.678,22.7,7.3,7.6,57.3,997,541,50,0.25
2025-01-03T19:00,0.705,28.0,7.68,5.0,53.9,867,541,50,0.23
2025-01-03T20:00,0.689,24.8,7.94,5.3,52.4,962,535,50,0.12
2025-01-03T21:00,0.664,26.9,7.86,6.0,53.5,884,543,50,0.3
2025-01-03T22:00,0.689,26.0,7.86,3.1,52.0,918,541,50,0.24
2025-01-03T23:00,0.718,27.3,7.91,7.6,52.0,892,539,50,0.18
2025-01-04T00:00,0.679,26.3,7.72,5.3,52.0,929,534,50,0.09
2025-01-04T01:00,0.719,23.0,7.73,7.4,54.2,995,541,50,0.22
2025-01-04T02:00,0.65,28.0,7.59,3.9,52.0,877,537,50,0.16
2025-01-04T03:00,0.701,25.0,7.65,7.7,54.9,940,541,50,0.25
2025-01-04T04:00,0.682,22.4,7.8,6.2,56.7,1014,539,50,0.19
2025-01-04T05:00,0.673,25.2,7.9,5.8,52.5,961,532,50,0.06
2025-01-04T06:00,0.682,28.0,7.68,5.4,52.0,874,538,50,0.18
2025-01-04T07:00,0.65,28.0,7.62,4.6,52.0,875,538,50,0.18
2025-01-04T08:00,0.675,25.5,7.7,6.8,52.6,923,542,50,0.28
2025-01-04T09:00,0.689,25.5,7.8,5.2,52.6,940,537,50,0.16
2025-01-04T10:00,0.717,25.6,7.45,2.0,55.6,915,545,50,0.31
2025-01-04T11:00,0.667,28.0,7.31,3.3,52.0,894,532,50,0.04
2025-01-04T12:00,0.66,27.4,7.61,4.7,54.2,870,544,50,0.31
2025-01-04T13:00,0.667,27.6,7.49,5.5,54.5,883,539,50,0.2
2025-01-04T14:00,0.703,28.0,7.61,4.9,52.0,861,543,50,0.28
2025-01-04T15:00,0.688,27.2,7.67,6.8,52.7,888,541,50,0.23
2025-01-04T16:00,0.667,25.9,7.62,2.1,53.8,914,542,50,0.27
2025-01-04T17:00,0.693,26.1,7.95,5.2,52.0,922,538,50,0.18
2025-01-04T18:00,0.682,26.4,7.76,2.3,52.0,926,534,50,0.09
2025-01-04T19:00,0.704,26.5,7.75,6.1,53.3,889,545,50,0.34
2025-01-04T20:00,0.662,28.0,7.81,4.9,52.0,872,539,50,0.2
2025-01-04T21:00,0.672,26.8,7.51,5.6,55.0,897,540,50,0.23
2025-01-04T22:00,0.67,28.0,7.88,3.7,52.0,859,543,50,0.3
2025-01-04T23:00,0.65,26.5,7.69,6.9,52.0,916,536,50,0.15
2025-01-05T00:00,0.687,26.9,7.81,6.6,54.3,888,542,50,0.27
2025-01-05T01:00,0.687,21.8,7.52,5.9,55.1,1032,538,50,0.17
2025-01-05T02:00,0.68,28.0,7.44,4.8,52.0,872,539,50,0.2
2025-01-05T03:00,0.674,27.7,7.84,5.9,52.0,877,540,50,0.22
2025-01-05T04:00,0.65,28.0,7.76,3.9,52.0,889,533,50,0.08
2025-01-05T05:00,0.669,19.6,7.55,6.3,60.2,1050,537,50,0.16
2025-01-05T06:00,0.671,28.0,7.55,7.5,52.9,852,545,50,0.34
2025-01-05T07:00,0.66,26.5,7.89,6.6,53.4,896,543,50,0.3
2025-01-05T08:00,0.676,28.0,7.5,3.9,52.0,873,539,50,0.19
2025-01-05T09:00,0.69,24.3,7.98,5.5,55.6,960,541,50,0.23
2025-01-05T10:00,0.727,28.0,7.55,3.1,52.0,877,538,50,0.17
2025-01-05T11:00,0.684,24.3,7.81,5.9,56.9,948,545,50,0.33
2025-01-05T12:00,0.686,25.4,7.64,5.7,52.0,938,539,50,0.2
2025-01-05T13:00,0.678,28.0,7.8,2.2,52.0,872,539,50,0.2
2025-01-05T14:00,0.65,26.5,7.61,3.3,52.1,899,542,50,0.28
2025-01-05T15:00,0.679,27.5,7.67,4.6,54.2,893,536,50,0.14
2025-01-05T16:00,0.682,28.0,7.71,4.5,52.3,854,545,50,0.33
2025-01-05T17:00,0.742,28.0,7.53,3.2,52.0,890,534,50,0.07
2025-01-05T18:00,0.675,27.3,7.83,5.6,53.1,868,546,50,0.35
2025-01-05T19:00,0.688,27.9,7.61,5.4,52.0,877,538,50,0.18
2025-01-05T20:00,0.679,28.0,7.66,4.7,52.8,874,538,50,0.19
2025-01-05T21:00,0.651,26.8,7.53,3.9,52.0,922,532,50,0.05
2025-01-05T22:00,0.709,27.5,7.3,6.6,52.0,886,539,50,0.19
2025-01-05T23:00,0.699,28.0,7.67,7.5,52.0,879,537,50,0.15
2025-01-06T00:00,0.7,28.0,8.1,4.3,52.0,878,537,50,0.15
2025-01-06T01:00,0.657,28.0,7.83,4.1,52.0,873,538,50,0.19
2025-01-06T02:00,0.715,28.0,7.7,5.7,52.0,859,544,50,0.29
2025-01-06T03:00,0.65,24.1,7.66,4.5,54.5,965,540,50,0.22
2025-01-06T04:00,0.695,28.0,7.7,4.8,52.1,867,541,50,0.23
2025-01-06T05:00,0.735,24.1,7.79,6.1,53.0,978,537,50,0.13
2025-01-06T06:00,0.655,27.8,7.5,2.1,52.0,891,535,50,0.11
2025-01-06T07:00,0.666,25.1,7.89,7.0,56.4,920,547,50,0.37
2025-01-06T08:00,0.682,26.8,7.82,5.1,52.0,908,537,50,0.15
2025-01-06T09:00,0.667,27.8,7.82,4.4,52.7,858,545,50,0.34
2025-01-06T10:00,0.65,27.8,7.77,4.9,52.0,879,538,50,0.19
2025-01-06T11:00,0.682,28.0,7.7,4.9,52.0,871,539,50,0.21
2025-01-06T12:00,0.653,28.0,7.81,2.4,52.0,862,542,50,0.27
2025-01-06T13:00,0.692,28.0,7.8,7.2,53.4,853,545,50,0.33
2025-01-06T14:00,0.657,26.4,7.64,5.1,52.0,913,539,50,0.2
2025-01-06T15:00,0.719,28.0,7.6,5.7,52.0,874,539,50,0.19
2025-01-06T16:00,0.66,28.0,7.72,6.4,52.0,869,540,50,0.22
2025-01-06T17:00,0.672,23.9,7.96,3.5,56.5,972,540,50,0.22
2025-01-06T18:00,0.7,28.0,7.49,5.7,52.0,860,543,50,0.29
2025-01-06T19:00,0.65,28.0,7.45,4.6,52.0,871,539,50,0.21
2025-01-06T20:00,0.686,26.2,7.73,6.3,52.5,907,542,50,0.27
2025-01-06T21:00,0.713,28.0,7.71,2.0,53.4,856,544,50,0.31
2025-01-06T22:00,0.65,26.5,7.73,4.9,53.9,903,540,50,0.24
2025-01-06T23:00,0.685,27.2,7.74,4.1,52.0,888,540,50,0.23
2025-01-07T00:00,0.686,26.5,7.66,5.6,52.0,925,534,50,0.09
2025-01-07T01:00,0.7,26.9,7.95,5.7,52.0,926,531,50,0.01
2025-01-07T02:00,0.65,24.1,7.43,3.9,54.6,965,540,50,0.23
2025-01-07T03:00,0.65,23.2,7.56,3.9,54.8,992,538,50,0.19
2025-01-07T04:00,0.693,28.0,7.68,4.8,52.0,877,538,50,0.17
2025-01-07T05:00,0.687,24.7,7.42,3.7,55.0,952,540,50,0.22
2025-01-07T06:00,0.686,24.3,7.67,6.3,58.9,961,540,50,0.22
2025-01-07T07:00,0.689,21.4,7.98,4.4,58.2,1024,543,50,0.29
2025-01-07T08:00,0.663,25.2,7.7,2.0,53.9,945,538,50,0.19
2025-01-07T09:00,0.686,23.4,7.74,4.4,53.6,994,537,50,0.14
2025-01-07T10:00,0.687,28.0,7.49,3.4,52.0,862,542,50,0.27
2025-01-07T11:00,0.662,28.0,7.6,2.6,52.0,876,537,50,0.17
2025-01-07T12:00,0.727,25.0,7.64,3.1,55.2,943,541,50,0.23
2025-01-07T13:00,0.692,28.0,7.65,5.2,55.0,876,538,50,0.17
2025-01-07T14:00,0.65,28.0,7.92,7.0,52.0,875,538,50,0.18
2025-01-07T15:00,0.696,25.8,7.79,5.5,52.0,923,540,50,0.22
2025-01-07T16:00,0.656,20.4,7.51,4.1,59.4,1050,539,50,0.2
2025-01-07T17:00,0.7,28.0,7.74,5.7,52.0,864,542,50,0.26
2025-01-07T18:00,0.709,23.1,7.78,4.3,55.8,997,539,50,0.18
2025-01-07T19:00,0.659,22.4,7.89,4.0,53.8,1032,532,50,0.05
2025-01-07T20:00,0.704,28.0,7.97,3.3,52.0,878,537,50,0.16
2025-01-07T21:00,0.69,28.0,7.53,2.4,52.8,865,541,50,0.25
2025-01-07T22:00,0.701,28.0,7.56,4.4,52.0,875,538,50,0.18
2025-01-07T23:00,0.727,27.9,7.49,5.2,52.0,876,539,50,0.19
2025-01-08T00:00,0.674,27.9,7.66,4.9,52.0,862,543,50,0.29
2025-01-08T01:00,0.661,28.0,7.78,4.4,52.0,879,536,50,0.15
2025-01-08T02:00,0.658,28.0,7.87,3.6,52.0,890,533,50,0.07
2025-01-08T03:00,0.66,27.0,7.69,5.9,52.0,895,539,50,0.21
2025-01-08T04:00,0.678,26.6,7.65,3.0,52.0,914,537,50,0.15
2025-01-08T05:00,0.689,26.1,7.73,6.2,52.0,926,537,50,0.14
2025-01-08T06:00,0.687,24.4,7.56,3.5,55.1,965,538,50,0.18
2025-01-08T07:00,0.701,25.5,8.06,3.9,57.2,928,541,50,0.24
2025-01-08T08:00,0.68,22.0,7.43,2.8,54.7,1025,538,50,0.19
2025-01-08T09:00,0.716,25.9,7.73,4.2,52.0,920,541,50,0.23
2025-01-08T10:00,0.673,23.7,8.04,6.5,58.0,957,547,50,0.37
2025-01-08T11:00,0.748,23.3,7.7,5.8,56.4,990,540,50,0.19
2025-01-08T12:00,0.696,26.5,7.67,6.5,53.2,902,541,50,0.25
2025-01-08T13:00,0.659,28.0,7.64,5.8,52.0,875,538,50,0.18
2025-01-08T14:00,0.653,28.0,7.67,3.3,52.0,882,535,50,0.13
2025-01-08T15:00,0.692,22.1,7.93,4.5,57.2,1027,537,50,0.16
2025-01-08T16:00,0.674,23.5,7.32,3.8,56.5,991,537,50,0.16
2025-01-08T17:00,0.698,28.0,7.96,7.0,52.0,864,542,50,0.26
2025-01-08T18:00,0.692,23.4,7.46,3.2,58.3,961,547,50,0.38
2025-01-08T19:00,0.678,25.3,7.65,6.3,53.0,945,537,50,0.17
2025-01-08T20:00,0.659,27.2,7.63,6.3,52.0,894,538,50,0.19
2025-01-08T21:00,0.65,23.3,7.8,7.7,58.9,984,540,50,0.23
2025-01-08T22:00,0.669,26.0,7.43,4.4,52.0,917,540,50,0.24
2025-01-08T23:00,0.701,22.4,7.78,6.1,57.8,1007,541,50,0.24
2025-01-09T00:00,0.685,24.2,8.04,8.4,58.4,948,546,50,0.35
2025-01-09T01:00,0.65,26.4,7.47,4.1,52.0,938,530,50,0.01
2025-01-09T02:00,0.684,21.6,7.73,2.7,52.0,1050,531,50,0.01
2025-01-09T03:00,0.69,26.6,7.59,2.2,52.0,914,537,50,0.14
2025-01-09T04:00,0.658,25.5,7.77,6.1,56.6,920,544,50,0.31
2025-01-09T05:00,0.684,26.8,7.7,2.2,52.0,921,533,50,0.06
2025-01-09T06:00,0.681,26.0,7.59,4.4,52.0,949,530,50,0.01
2025-01-09T07:00,0.651,28.0,7.78,5.7,52.4,863,541,50,0.26
2025-01-09T08:00,0.689,25.7,8.01,5.3,52.9,926,541,50,0.23
2025-01-09T09:00,0.694,24.2,7.67,5.6,52.5,976,536,50,0.13
2025-01-09T10:00,0.707,25.6,7.82,5.3,52.4,942,536,50,0.13
2025-01-09T11:00,0.706,26.6,7.48,6.9,52.6,914,537,50,0.15
2025-01-09T12:00,0.65,25.3,7.54,3.6,57.2,939,539,50,0.2
2025-01-09T13:00,0.657,25.2,7.78,4.0,53.6,948,536,50,0.15
2025-01-09T14:00,0.693,23.3,7.95,3.8,58.6,983,541,50,0.24
2025-01-09T15:00,0.693,23.4,7.76,6.2,52.0,1014,531,50,0.01
2025-01-09T16:00,0.693,21.5,7.65,6.4,55.3,1041,537,50,0.15
2025-01-09T17:00,0.75,28.0,7.7,5.7,52.0,882,537,50,0.13
2025-01-09T18:00,0.694,21.8,7.49,6.8,58.0,1026,540,50,0.21
2025-01-09T19:00,0.708,23.1,7.8,3.2,53.4,1001,537,50,0.15
2025-01-09T20:00,0.704,23.0,7.85,7.5,57.8,982,544,50,0.3
2025-01-09T21:00,0.696,27.0,7.62,7.3,52.0,913,534,50,0.08
2025-01-09T22:00,0.672,24.0,7.62,6.1,55.8,969,540,50,0.22
2025-01-09T23:00,0.699,27.8,7.75,7.7,52.9,865,543,50,0.28
2025-01-10T00:00,0.661,23.0,7.63,2.5,58.7,979,545,50,0.33
2025-01-10T01:00,0.674,25.3,7.69,4.2,52.0,945,537,50,0.16
2025-01-10T02:00,0.668,22.5,8.06,3.9,56.0,1007,540,50,0.22
2025-01-10T03:00,0.682,28.0,7.66,6.1,52.0,889,533,50,0.08
2025-01-10T04:00,0.738,21.5,7.64,3.4,58.4,1050,531,50,0.01
2025-01-10T05:00,0.65,25.2,7.59,6.1,54.6,930,543,50,0.29
2025-01-10T06:00,0.697,26.0,7.83,7.1,52.9,919,541,50,0.23
2025-01-10T07:00,0.65,25.4,7.67,6.0,53.2,922,544,50,0.31
2025-01-10T08:00,0.668,23.8,7.59,5.4,58.4,990,535,50,0.1
2025-01-10T09:00,0.707,23.9,7.92,3.5,54.1,969,541,50,0.24
2025-01-10T10:00,0.682,24.3,7.94,3.7,56.4,944,546,50,0.35
2025-01-10T11:00,0.653,23.8,7.6,6.9,56.6,969,541,50,0.26
2025-01-10T12:00,0.662,26.5,7.38,6.2,53.5,904,541,50,0.24
2025-01-10T13:00,0.697,28.0,7.87,4.9,52.2,871,540,50,0.21
2025-01-10T14:00,0.662,22.6,7.58,4.4,57.3,1024,533,50,0.08
2025-01-10T15:00,0.685,20.5,7.83,2.0,61.6,1047,543,50,0.29
2025-01-10T16:00,0.681,23.7,7.37,3.4,52.3,988,537,50,0.15
2025-01-10T17:00,0.664,28.0,7.85,7.9,52.0,861,542,50,0.28
2025-01-10T18:00,0.734,21.8,7.49,3.1,56.4,1046,534,50,0.07
2025-01-10T19:00,0.696,27.8,7.82,5.3,52.7,888,536,50,0.12
2025-01-10T20:00,0.65,27.9,7.7,6.5,52.0,855,545,50,0.34
2025-01-10T21:00,0.685,22.3,7.54,3.1,58.5,1021,537,50,0.16
2025-01-10T22:00,0.663,25.0,7.63,5.3,56.0,929,545,50,0.33
2025-01-10T23:00,0.701,27.6,7.82,6.4,52.6,879,540,50,0.22
2025-01-11T00:00,0.66,22.5,7.72,5.0,53.6,1028,533,50,0.06
2025-01-11T01:00,0.677,22.9,7.8,9.3,56.8,981,545,50,0.32
2025-01-11T02:00,0.693,21.9,8.04,2.5,57.7,1032,536,50,0.14
2025-01-11T03:00,0.702,20.8,7.43,6.6,61.6,1040,543,50,0.28
2025-01-11T04:00,0.65,21.7,7.97,4.7,59.1,1029,539,50,0.21
2025-01-11T05:00,0.672,20.2,7.72,6.2,57.4,1050,534,50,0.1
2025-01-11T06:00,0.668,23.3,7.55,5.7,55.0,986,540,50,0.23
2025-01-11T07:00,0.664,21.2,7.47,3.9,58.3,1017,547,50,0.37
2025-01-11T08:00,0.724,23.7,7.67,5.3,58.3,973,542,50,0.25
2025-01-11T09:00,0.69,19.1,7.86,2.2,61.1,1050,538,50,0.18
2025-01-11T10:00,0.65,23.8,7.68,5.9,54.8,962,543,50,0.31
2025-01-11T11:00,0.703,25.0,7.96,5.4,53.5,942,541,50,0.23
2025-01-11T12:00,0.733,18.0,7.45,6.0,62.6,1050,541,50,0.24
2025-01-11T13:00,0.706,23.8,7.7,6.6,52.0,986,537,50,0.14
2025-01-11T14:00,0.65,25.9,7.49,5.6,52.0,921,540,50,0.23
2025-01-11T15:00,0.668,19.7,7.76,5.2,59.5,1050,543,50,0.3
2025-01-11T16:00,0.712,26.9,7.85,3.7,52.0,910,536,50,0.13
2025-01-11T17:00,0.662,23.7,7.63,3.9,55.7,964,544,50,0.31
2025-01-11T18:00,0.691,20.8,7.3,6.8,56.2,1049,540,50,0.22
2025-01-11T19:00,0.699,22.4,7.73,7.2,59.9,1018,538,50,0.16
2025-01-11T20:00,0.657,23.9,7.77,4.6,58.4,963,543,50,0.29
2025-01-11T21:00,0.679,22.6,7.77,5.1,54.8,1008,538,50,0.19
2025-01-11T22:00,0.65,23.7,7.91,3.6,56.2,971,541,50,0.26
2025-01-11T23:00,0.654,20.0,7.52,6.8,60.0,1050,539,50,0.2
2025-01-12T00:00,0.674,22.7,7.82,6.0,58.7,1002,540,50,0.22
2025-01-12T01:00,0.65,18.7,7.9,7.9,60.7,1050,542,50,0.28
2025-01-12T02:00,0.721,21.9,7.4,3.7,60.2,1021,541,50,0.22
2025-01-12T03:00,0.65,19.9,7.75,4.4,55.6,1050,532,50,0.04
2025-01-12T04:00,0.669,20.3,7.61,5.3,55.4,1050,535,50,0.12
2025-01-12T05:00,0.683,25.1,7.69,6.0,56.5,931,543,50,0.29
2025-01-12T06:00,0.716,24.7,7.76,4.7,56.7,955,539,50,0.2
2025-01-12T07:00,0.65,23.5,7.62,3.7,58.9,992,537,50,0.16
2025-01-12T08:00,0.709,19.2,7.59,6.3,57.3,1050,536,50,0.11
2025-01-12T09:00,0.68,21.1,7.71,6.1,58.4,1050,536,50,0.13
2025-01-12T10:00,0.655,24.8,7.52,3.6,52.0,974,531,50,0.03
2025-01-12T11:00,0.692,22.1,7.52,7.0,59.1,1016,540,50,0.22
2025-01-12T12:00,0.685,27.5,7.82,6.8,52.0,887,538,50,0.18
2025-01-12T13:00,0.665,22.6,7.5,5.2,52.8,1015,536,50,0.13
2025-01-12T14:00,0.682,22.1,7.81,5.1,55.8,1019,539,50,0.21
2025-01-12T15:00,0.67,20.8,7.78,5.8,59.5,1046,541,50,0.25
2025-01-12T16:00,0.683,21.8,7.41,3.7,59.2,1003,546,50,0.36
2025-01-12T17:00,0.697,21.1,7.58,5.0,57.7,1050,534,50,0.09
2025-01-12T18:00,0.72,23.2,7.9,2.0,59.5,982,543,50,0.27
2025-01-12T19:00,0.65,23.8,7.53,6.3,57.6,964,543,50,0.3
2025-01-12T20:00,0.733,19.4,7.62,2.7,62.7,1050,536,50,0.12
2025-01-12T21:00,0.65,18.0,7.78,7.3,63.2,1050,541,50,0.25
2025-01-12T22:00,0.676,18.0,7.83,4.5,59.2,1050,538,50,0.17
2025-01-12T23:00,0.695,22.5,7.66,4.7,59.7,1007,540,50,0.22
2025-01-13T00:00,0.687,18.4,7.6,4.1,62.7,1050,545,50,0.32
2025-01-13T01:00,0.664,18.0,7.94,4.6,64.4,1050,541,50,0.25
2025-01-13T02:00,0.675,22.0,8.0,7.1,61.2,1011,542,50,0.27
2025-01-13T03:00,0.668,27.2,7.87,2.0,52.0,898,536,50,0.15
2025-01-13T04:00,0.665,21.0,7.71,6.9,54.0,1050,535,50,0.11
2025-01-13T05:00,0.701,23.0,7.56,5.5,54.6,997,539,50,0.2
2025-01-13T06:00,0.689,21.1,7.56,3.2,62.4,1032,543,50,0.29
2025-01-13T07:00,0.663,20.6,7.79,3.4,56.0,1050,533,50,0.07
2025-01-13T08:00,0.702,23.1,7.77,7.5,55.5,1001,537,50,0.15
2025-01-13T09:00,0.688,20.0,7.94,3.6,61.2,1050,539,50,0.21
2025-01-13T10:00,0.7,21.4,7.81,3.3,57.9,1049,535,50,0.11
2025-01-13T11:00,0.696,21.5,7.44,6.7,57.9,1040,538,50,0.16
2025-01-13T12:00,0.659,19.0,7.88,5.5,59.9,1050,538,50,0.18
2025-01-13T13:00,0.666,23.1,7.53,3.6,53.1,1011,534,50,0.09
2025-01-13T14:00,0.699,20.1,7.63,5.3,60.1,1050,536,50,0.14
2025-01-13T15:00,0.695,18.6,7.74,3.5,63.4,1050,542,50,0.25
2025-01-13T16:00,0.679,21.8,8.04,6.7,55.6,1037,535,50,0.12
2025-01-13T17:00,0.683,18.2,8.1,6.6,61.9,1050,534,50,0.1
2025-01-13T18:00,0.712,20.5,7.8,5.8,58.7,1050,538,50,0.17
2025-01-13T19:00,0.665,20.3,7.67,5.5,58.8,1050,542,50,0.27
2025-01-13T20:00,0.694,23.0,7.79,7.6,55.2,993,540,50,0.22
2025-01-13T21:00,0.675,21.5,7.85,5.0,55.5,1039,538,50,0.17
2025-01-13T22:00,0.675,20.2,7.65,3.2,58.8,1050,539,50,0.2
2025-01-13T23:00,0.707,22.3,8.01,5.7,57.3,1033,534,50,0.08
2025-01-14T00:00,0.701,23.7,7.74,8.1,55.5,969,543,50,0.28
2025-01-14T01:00,0.7,21.5,7.78,3.5,58.9,1030,540,50,0.23
2025-01-14T02:00,0.713,20.1,7.81,4.5,58.2,1050,538,50,0.17
2025-01-14T03:00,0.681,18.0,7.77,5.6,63.3,1050,543,50,0.3
2025-01-14T04:00,0.697,18.0,7.84,4.9,58.1,1050,536,50,0.12
2025-01-14T05:00,0.672,19.2,7.6,3.5,61.6,1050,543,50,0.29
2025-01-14T06:00,0.688,18.4,7.61,6.7,62.0,1050,541,50,0.24
2025-01-14T07:00,0.677,19.5,7.51,8.5,61.5,1050,540,50,0.22
2025-01-14T08:00,0.682,20.0,7.77,5.3,60.2,1050,540,50,0.21
2025-01-14T09:00,0.695,21.2,7.83,3.6,56.0,1044,539,50,0.19
2025-01-14T10:00,0.66,19.7,7.78,2.7,63.2,1050,542,50,0.28
2025-01-14T11:00,0.732,21.0,7.98,5.4,58.2,1050,537,50,0.13
2025-01-14T12:00,0.655,19.9,7.7,6.7,59.1,1050,537,50,0.17
2025-01-14T13:00,0.65,18.0,7.81,5.7,63.4,1050,543,50,0.3
2025-01-14T14:00,0.709,18.0,7.51,5.0,60.8,1050,538,50,0.16
2025-01-14T15:00,0.7,19.3,7.63,4.1,62.4,1050,543,50,0.27
2025-01-14T16:00,0.696,18.0,7.82,3.4,65.4,1050,545,50,0.33
2025-01-14T17:00,0.696,21.1,7.84,6.3,55.2,1045,539,50,0.19
2025-01-14T18:00,0.68,23.4,7.65,6.4,55.9,975,543,50,0.28
2025-01-14T19:00,0.658,22.6,7.69,2.7,53.8,1021,534,50,0.09
2025-01-14T20:00,0.682,19.0,7.44,7.4,63.0,1050,543,50,0.29
2025-01-14T21:00,0.663,23.3,7.64,5.9,58.2,986,540,50,0.23
2025-01-14T22:00,0.704,19.9,7.85,7.1,60.0,1050,542,50,0.27
2025-01-14T23:00,0.676,18.6,7.8,3.0,59.2,1050,536,50,0.14
2025-01-15T00:00,0.659,18.0,7.79,3.0,58.2,1050,532,50,0.06
2025-01-15T01:00,0.672,18.7,7.71,4.8,60.5,1050,541,50,0.25
2025-01-15T02:00,0.69,18.4,7.7,5.8,58.3,1050,533,50,0.05
2025-01-15T03:00,0.666,19.8,7.59,7.7,61.2,1050,539,50,0.21
2025-01-15T04:00,0.659,19.8,7.82,6.1,59.4,1050,543,50,0.3
2025-01-15T05:00,0.686,19.4,7.77,4.6,61.6,1050,540,50,0.22
2025-01-15T06:00,0.686,20.4,7.78,3.5,58.8,1040,546,50,0.35
2025-01-15T07:00,0.667,22.3,7.61,6.8,57.7,999,544,50,0.31
2025-01-15T08:00,0.668,21.7,7.33,3.6,55.8,1038,536,50,0.14
2025-01-15T09:00,0.686,18.0,7.89,7.4,65.8,1050,541,50,0.24
2025-01-15T10:00,0.65,18.0,7.62,4.6,61.1,1050,539,50,0.2
2025-01-15T11:00,0.65,21.6,7.55,7.4,52.0,1046,534,50,0.11
2025-01-15T12:00,0.662,18.0,7.82,6.0,57.2,1050,536,50,0.14
2025-01-15T13:00,0.675,18.6,7.63,4.8,60.6,1050,537,50,0.16
2025-01-15T14:00,0.688,18.0,7.88,4.2,60.3,1050,532,50,0.04
2025-01-15T15:00,0.717,18.0,7.8,4.5,63.4,1050,540,50,0.21
2025-01-15T16:00,0.701,20.5,7.82,5.6,59.5,1050,539,50,0.2
2025-01-15T17:00,0.676,21.0,7.47,5.1,58.2,1050,533,50,0.08
2025-01-15T18:00,0.68,18.0,7.91,4.1,61.6,1050,540,50,0.23
2025-01-15T19:00,0.655,18.0,7.74,4.8,64.4,1050,542,50,0.26
2025-01-15T20:00,0.68,18.0,7.64,5.1,59.6,1050,540,50,0.23
2025-01-15T21:00,0.673,20.1,7.72,2.0,57.0,1050,537,50,0.15
2025-01-15T22:00,0.688,18.0,7.4,5.7,60.0,1050,542,50,0.26
2025-01-15T23:00,0.659,19.5,7.77,3.5,60.3,1050,541,50,0.25
2025-01-16T00:00,0.693,19.0,7.53,3.3,61.2,1050,540,50,0.22
2025-01-16T01:00,0.718,20.5,7.47,2.5,58.3,1050,536,50,0.12
2025-01-16T02:00,0.677,19.3,7.44,2.3,60.6,1050,539,50,0.21
2025-01-16T03:00,0.69,18.0,7.89,3.0,62.0,1050,543,50,0.29
2025-01-16T04:00,0.697,22.0,7.59,3.9,56.2,1028,537,50,0.15
2025-01-16T05:00,0.67,18.6,7.96,7.9,62.2,1050,548,50,0.41
2025-01-16T06:00,0.686,19.0,7.61,4.2,62.7,1050,537,50,0.16
2025-01-16T07:00,0.68,18.0,7.41,5.3,61.8,1050,540,50,0.22
2025-01-16T08:00,0.682,18.0,7.51,5.6,60.5,1050,537,50,0.16
2025-01-16T09:00,0.661,18.0,7.91,5.2,65.1,1050,540,50,0.23
2025-01-16T10:00,0.681,18.6,7.67,4.9,56.8,1050,533,50,0.07
2025-01-16T11:00,0.692,23.3,7.61,3.2,52.9,997,537,50,0.15
2025-01-16T12:00,0.716,18.0,7.73,7.2,59.6,1050,537,50,0.14
2025-01-16T13:00,0.704,18.0,7.79,7.7,63.1,1050,542,50,0.25
2025-01-16T14:00,0.734,22.7,7.89,2.5,59.1,996,543,50,0.26
2025-01-16T15:00,0.661,18.5,7.95,3.5,63.3,1050,541,50,0.25
2025-01-16T16:00,0.702,18.0,7.64,4.6,63.6,1050,531,50,0.02
2025-01-16T17:00,0.685,21.6,7.47,3.6,56.6,1010,546,50,0.36
2025-01-16T18:00,0.735,18.0,7.63,5.8,64.6,1050,542,50,0.24
2025-01-16T19:00,0.66,23.6,7.74,3.9,52.9,992,536,50,0.14
2025-01-16T20:00,0.659,20.7,7.54,8.2,58.4,1047,541,50,0.26
2025-01-16T21:00,0.665,18.0,7.54,6.8,61.4,1050,541,50,0.24
2025-01-16T22:00,0.65,24.4,7.76,5.3,52.0,967,537,50,0.16
2025-01-16T23:00,0.667,18.0,7.69,6.5,65.6,1050,541,50,0.24
2025-01-17T00:00,0.661,20.9,7.71,6.7,59.4,1050,538,50,0.18
2025-01-17T01:00,0.684,19.8,7.57,4.2,59.4,1050,538,50,0.17
2025-01-17T02:00,0.689,22.3,7.66,3.8,58.4,1023,537,50,0.14
2025-01-17T03:00,0.727,23.0,7.54,5.1,52.1,1013,535,50,0.1
2025-01-17T04:00,0.704,19.1,7.85,6.3,59.2,1050,541,50,0.23
2025-01-17T05:00,0.666,18.0,7.88,5.2,59.0,1050,541,50,0.26
2025-01-17T06:00,0.658,20.2,7.39,2.6,58.3,1050,540,50,0.23
2025-01-17T07:00,0.692,18.0,7.54,3.8,63.6,1050,542,50,0.26
2025-01-17T08:00,0.65,24.1,7.45,4.9,55.1,964,540,50,0.23
2025-01-17T09:00,0.726,19.4,7.59,4.9,60.6,1050,538,50,0.17
2025-01-17T10:00,0.709,18.2,7.69,8.0,61.6,1050,544,50,0.31
2025-01-17T11:00,0.668,19.6,7.45,2.9,59.2,1050,533,50,0.08
2025-01-17T12:00,0.65,18.0,7.54,5.8,61.1,1050,536,50,0.15
2025-01-17T13:00,0.714,18.0,7.53,7.2,63.0,1050,537,50,0.16
2025-01-17T14:00,0.677,22.2,7.74,8.4,55.9,999,545,50,0.33
2025-01-17T15:00,0.711,18.0,7.71,4.4,64.4,1050,543,50,0.28
2025-01-17T16:00,0.65,18.0,7.58,5.7,60.5,1050,541,50,0.26
2025-01-17T17:00,0.665,20.6,7.73,5.9,59.9,1043,543,50,0.3
2025-01-17T18:00,0.68,22.2,7.61,5.3,56.9,1025,536,50,0.14
2025-01-17T19:00,0.681,21.0,7.65,4.9,59.2,1041,541,50,0.24
2025-01-17T20:00,0.669,21.8,7.98,5.7,55.9,1027,539,50,0.21
2025-01-17T21:00,0.696,18.0,7.93,2.0,63.1,1050,541,50,0.25
2025-01-17T22:00,0.653,18.0,7.48,6.0,59.1,1050,539,50,0.21
2025-01-17T23:00,0.676,23.1,7.84,5.2,57.6,998,538,50,0.18
2025-01-18T00:00,0.683,18.5,7.84,4.7,61.9,1050,541,50,0.25
2025-01-18T01:00,0.693,18.7,7.5,8.1,65.3,1050,544,50,0.31
2025-01-18T02:00,0.698,22.7,7.84,4.0,54.7,1012,537,50,0.15
2025-01-18T03:00,0.652,20.8,7.96,4.4,57.3,1050,539,50,0.2
2025-01-18T04:00,0.65,20.6,7.51,8.0,56.3,1050,537,50,0.16
2025-01-18T05:00,0.712,24.9,7.54,3.8,52.4,977,531,50,0.01
2025-01-18T06:00,0.688,18.0,7.87,4.2,61.2,1050,540,50,0.22
2025-01-18T07:00,0.661,21.8,7.75,4.8,59.3,1018,541,50,0.26
2025-01-18T08:00,0.719,19.7,7.79,6.3,60.7,1050,542,50,0.24
2025-01-18T09:00,0.683,20.2,7.76,5.3,53.3,1050,533,50,0.06
2025-01-18T10:00,0.709,23.4,7.77,3.1,54.2,992,538,50,0.16
2025-01-18T11:00,0.682,20.9,7.47,4.2,53.3,1050,531,50,0.02
2025-01-18T12:00,0.732,21.0,7.88,4.1,61.2,1032,545,50,0.31
2025-01-18T13:00,0.724,22.3,7.9,4.9,53.9,1024,536,50,0.12
2025-01-18T14:00,0.674,18.8,7.66,5.6,64.8,1050,544,50,0.32
2025-01-18T15:00,0.704,18.0,7.69,5.6,63.9,1050,544,50,0.29
2025-01-18T16:00,0.696,18.0,7.44,2.3,60.3,1050,535,50,0.11
2025-01-18T17:00,0.714,18.0,7.79,6.6,62.5,1050,537,50,0.14
2025-01-18T18:00,0.656,24.9,7.8,5.4,55.8,942,541,50,0.24
2025-01-18T19:00,0.697,18.0,7.69,7.1,61.6,1050,538,50,0.16
2025-01-18T20:00,0.706,19.3,7.89,5.7,59.9,1050,541,50,0.22
2025-01-18T21:00,0.65,19.2,7.64,6.7,56.7,1050,538,50,0.19
2025-01-18T22:00,0.65,20.7,7.8,5.7,54.9,1050,533,50,0.07
2025-01-18T23:00,0.65,22.0,7.53,7.0,53.0,1043,532,50,0.05
2025-01-19T00:00,0.673,22.1,7.7,5.8,57.8,1013,541,50,0.24
2025-01-19T01:00,0.698,18.6,7.67,4.9,60.3,1050,538,50,0.16
2025-01-19T02:00,0.718,19.6,7.74,8.4,61.8,1050,540,50,0.2
2025-01-19T03:00,0.682,20.8,7.64,6.3,59.0,1041,543,50,0.28
2025-01-19T04:00,0.721,19.5,7.68,5.9,62.7,1050,545,50,0.31
2025-01-19T05:00,0.65,24.2,7.84,3.1,55.7,972,537,50,0.17
2025-01-19T06:00,0.65,21.4,7.63,3.1,57.4,1041,537,50,0.16
2025-01-19T07:00,0.679,22.1,7.43,5.4,58.0,1012,541,50,0.25
2025-01-19T08:00,0.69,21.9,8.0,5.2,54.6,1037,535,50,0.1
2025-01-19T09:00,0.679,23.2,7.93,4.1,54.9,988,540,50,0.22
2025-01-19T10:00,0.65,20.8,7.48,5.2,57.7,1044,541,50,0.26
2025-01-19T11:00,0.678,18.0,7.82,7.4,62.6,1050,543,50,0.29
2025-01-19T12:00,0.65,21.4,7.61,6.0,56.4,1050,532,50,0.07
2025-01-19T13:00,0.697,18.8,7.74,3.3,59.6,1050,536,50,0.13
2025-01-19T14:00,0.689,19.2,7.75,4.8,57.2,1050,536,50,0.14
2025-01-19T15:00,0.657,22.0,7.66,3.8,60.2,1021,539,50,0.21
2025-01-19T16:00,0.667,23.7,7.57,4.4,56.4,974,541,50,0.24
2025-01-19T17:00,0.654,20.7,7.58,4.4,58.1,1038,544,50,0.32
2025-01-19T18:00,0.678,21.4,7.54,4.3,56.4,1041,537,50,0.16
2025-01-19T19:00,0.704,25.0,7.56,3.1,53.3,955,537,50,0.15
2025-01-19T20:00,0.655,21.4,7.69,4.8,62.5,1024,543,50,0.3
2025-01-19T21:00,0.693,27.3,7.58,4.2,52.0,886,540,50,0.23
2025-01-19T22:00,0.667,22.2,7.82,2.0,60.0,1004,542,50,0.28
2025-01-19T23:00,0.66,18.0,7.95,8.1,65.4,1050,542,50,0.26
2025-01-20T00:00,0.677,22.8,7.6,6.6,53.9,1011,536,50,0.13
2025-01-20T01:00,0.654,21.9,7.74,4.4,54.6,1038,534,50,0.1
2025-01-20T02:00,0.666,24.2,7.78,5.0,52.0,982,534,50,0.09
2025-01-20T03:00,0.65,22.7,7.78,3.2,56.4,997,541,50,0.25
2025-01-20T04:00,0.729,20.7,7.71,7.5,61.7,1035,546,50,0.33
2025-01-20T05:00,0.681,18.1,7.83,7.8,66.5,1050,547,50,0.39
2025-01-20T06:00,0.663,20.7,7.78,5.2,62.0,1044,542,50,0.28
2025-01-20T07:00,0.685,19.1,7.49,6.5,61.6,1050,544,50,0.32
2025-01-20T08:00,0.677,19.8,7.85,5.3,55.6,1050,537,50,0.17
2025-01-20T09:00,0.674,22.8,7.85,3.0,54.3,1017,534,50,0.1
2025-01-20T10:00,0.695,25.5,7.57,4.4,55.0,923,542,50,0.27
2025-01-20T11:00,0.699,22.4,7.71,5.2,58.3,1006,541,50,0.25
2025-01-20T12:00,0.667,18.5,7.82,4.3,60.9,1050,539,50,0.21
2025-01-20T13:00,0.666,22.6,7.66,4.7,57.2,1001,540,50,0.24
2025-01-20T14:00,0.673,24.5,7.88,4.9,57.4,954,540,50,0.23
2025-01-20T15:00,0.65,20.1,8.1,4.9,61.8,1050,544,50,0.31
2025-01-20T16:00,0.65,21.3,7.57,5.1,59.0,1023,544,50,0.31
2025-01-20T17:00,0.714,21.7,7.47,3.4,57.8,1024,541,50,0.24
2025-01-20T18:00,0.721,19.8,7.75,3.9,61.4,1050,543,50,0.27
2025-01-20T19:00,0.674,23.4,7.82,3.1,59.0,982,540,50,0.23
2025-01-20T20:00,0.694,21.5,7.66,6.5,57.4,1035,539,50,0.19
2025-01-20T21:00,0.688,22.9,7.95,2.0,56.9,993,541,50,0.24
2025-01-20T22:00,0.75,19.7,7.47,6.7,58.6,1050,536,50,0.12
2025-01-20T23:00,0.708,20.9,7.82,7.1,63.0,1034,545,50,0.32
2025-01-21T00:00,0.677,23.8,7.6,4.5,56.9,989,535,50,0.11
2025-01-21T01:00,0.656,21.1,7.99,2.0,58.8,1043,539,50,0.2
2025-01-21T02:00,0.65,26.4,8.04,4.5,52.0,920,536,50,0.14
2025-01-21T03:00,0.685,21.2,7.57,4.9,59.3,1035,541,50,0.25
2025-01-21T04:00,0.661,22.8,7.61,3.5,52.0,1003,538,50,0.19
2025-01-21T05:00,0.65,24.6,7.85,4.2,52.8,974,533,50,0.07
2025-01-21T06:00,0.664,18.8,7.63,7.3,62.3,1050,542,50,0.27
2025-01-21T07:00,0.653,18.0,7.69,6.0,61.9,1050,537,50,0.17
2025-01-21T08:00,0.722,18.6,7.7,3.6,61.8,1050,543,50,0.27
2025-01-21T09:00,0.702,25.6,7.37,2.6,52.2,933,539,50,0.19
2025-01-21T10:00,0.68,21.1,7.7,4.5,58.2,1038,541,50,0.24
2025-01-21T11:00,0.717,28.0,7.58,4.7,52.0,882,536,50,0.13
2025-01-21T12:00,0.682,21.2,7.62,5.7,57.0,1046,538,50,0.17
2025-01-21T13:00,0.658,23.1,7.95,4.2,58.7,998,537,50,0.17
2025-01-21T14:00,0.718,26.6,7.49,5.8,54.6,895,543,50,0.29
2025-01-21T15:00,0.693,27.8,7.84,7.9,52.0,853,547,50,0.37
2025-01-21T16:00,0.654,28.0,7.65,6.2,52.0,878,537,50,0.16
2025-01-21T17:00,0.675,25.9,7.65,4.9,53.0,911,543,50,0.3
2025-01-21T18:00,0.658,25.5,7.83,4.7,52.0,958,531,50,0.03
2025-01-21T19:00,0.65,24.5,7.76,4.5,55.1,973,534,50,0.11
2025-01-21T20:00,0.703,25.0,7.8,6.8,54.4,955,537,50,0.15
2025-01-21T21:00,0.728,21.7,7.86,4.1,57.3,1045,535,50,0.09
2025-01-21T22:00,0.65,21.1,7.64,5.1,56.1,1050,533,50,0.08
2025-01-21T23:00,0.694,23.2,7.6,5.1,54.3,987,541,50,0.24
2025-01-22T00:00,0.664,22.8,7.52,4.2,54.9,1004,538,50,0.19
2025-01-22T01:00,0.668,22.1,7.56,2.9,58.7,1016,540,50,0.22
2025-01-22T02:00,0.665,25.1,8.1,5.5,52.7,935,542,50,0.27
2025-01-22T03:00,0.658,25.8,7.91,4.9,52.0,924,540,50,0.23
2025-01-22T04:00,0.681,23.6,7.47,5.8,56.1,971,542,50,0.27
2025-01-22T05:00,0.659,27.2,7.48,4.2,52.0,893,539,50,0.2
2025-01-22T06:00,0.687,20.7,7.78,6.8,58.0,1050,536,50,0.13
2025-01-22T07:00,0.679,23.1,7.79,3.7,58.7,983,543,50,0.28
2025-01-22T08:00,0.674,21.8,7.79,7.6,58.3,1028,538,50,0.19
2025-01-22T09:00,0.657,19.0,7.66,2.4,59.3,1050,535,50,0.11
2025-01-22T10:00,0.666,23.5,7.68,5.7,57.4,984,539,50,0.2
2025-01-22T11:00,0.699,23.5,7.76,5.7,52.0,993,537,50,0.14
2025-01-22T12:00,0.693,27.6,7.71,3.8,52.0,887,538,50,0.16
2025-01-22T13:00,0.656,25.5,7.32,5.6,54.7,930,541,50,0.24
2025-01-22T14:00,0.682,21.4,7.66,6.9,56.8,1030,542,50,0.26
2025-01-22T15:00,0.699,28.0,7.56,2.0,52.0,885,535,50,0.11
2025-01-22T16:00,0.65,27.1,7.73,5.8,52.0,898,538,50,0.18
2025-01-22T17:00,0.694,25.5,8.1,2.0,53.2,925,542,50,0.27
2025-01-22T18:00,0.663,23.6,7.76,3.6,57.1,978,540,50,0.24
2025-01-22T19:00,0.694,21.8,7.65,7.4,60.2,1000,548,50,0.4
2025-01-22T20:00,0.661,23.3,7.86,4.1,55.6,977,543,50,0.3
2025-01-22T21:00,0.65,27.0,7.78,3.2,52.0,886,542,50,0.28
2025-01-22T22:00,0.65,28.0,7.77,4.7,52.0,887,534,50,0.1
2025-01-22T23:00,0.681,28.0,7.8,8.1,52.0,858,544,50,0.3
2025-01-23T00:00,0.686,23.2,8.05,2.3,55.2,996,538,50,0.18
2025-01-23T01:00,0.657,21.7,7.51,3.4,56.2,1038,536,50,0.15
2025-01-23T02:00,0.696,24.8,7.78,7.2,57.2,944,541,50,0.25
2025-01-23T03:00,0.65,20.1,7.54,7.8,59.7,1050,544,50,0.31
2025-01-23T04:00,0.678,25.4,7.79,4.8,56.4,930,541,50,0.25
2025-01-23T05:00,0.65,24.3,7.54,3.1,53.0,976,535,50,0.12
2025-01-23T06:00,0.664,23.5,7.63,8.1,56.7,970,543,50,0.3
2025-01-23T07:00,0.681,20.7,7.65,7.4,62.9,1050,538,50,0.18
2025-01-23T08:00,0.658,26.1,7.87,6.0,52.0,915,540,50,0.24
2025-01-23T09:00,0.67,23.5,7.86,3.8,54.2,989,538,50,0.17
2025-01-23T10:00,0.705,21.9,7.49,4.9,55.3,1025,539,50,0.19
2025-01-23T11:00,0.666,18.0,7.71,4.8,64.8,1050,542,50,0.27
2025-01-23T12:00,0.701,24.9,7.58,5.5,55.9,960,536,50,0.13
2025-01-23T13:00,0.652,28.0,7.49,7.2,56.0,846,547,50,0.39
2025-01-23T14:00,0.693,28.0,7.66,6.3,52.0,889,534,50,0.08
2025-01-23T15:00,0.716,23.9,7.65,3.4,54.1,981,537,50,0.15
2025-01-23T16:00,0.65,23.6,8.1,7.1,55.3,973,541,50,0.26
2025-01-23T17:00,0.66,26.3,7.77,5.5,52.0,905,541,50,0.26
2025-01-23T18:00,0.694,22.7,7.47,6.0,60.5,1002,540,50,0.21
2025-01-23T19:00,0.675,26.0,7.6,7.2,53.7,918,540,50,0.23
2025-01-23T20:00,0.689,27.2,7.87,3.3,52.0,888,540,50,0.23
2025-01-23T21:00,0.665,28.0,8.06,4.9,52.0,873,538,50,0.19
2025-01-23T22:00,0.682,25.1,7.43,4.2,53.8,928,544,50,0.31
2025-01-23T23:00,0.676,24.9,7.38,2.6,55.4,942,541,50,0.25
2025-01-24T00:00,0.709,23.3,8.02,5.5,57.3,979,543,50,0.29
2025-01-24T01:00,0.686,23.4,7.77,8.8,56.2,990,538,50,0.17
2025-01-24T02:00,0.688,25.0,7.55,2.2,53.2,951,538,50,0.18
2025-01-24T03:00,0.67,26.5,7.79,5.0,52.0,912,538,50,0.19
2025-01-24T04:00,0.668,27.9,7.3,6.0,52.0,883,536,50,0.14
2025-01-24T05:00,0.669,23.6,7.7,5.2,57.7,975,541,50,0.24
2025-01-24T06:00,0.69,28.0,7.76,4.8,52.0,877,538,50,0.17
2025-01-24T07:00,0.669,25.0,7.86,3.1,55.6,940,541,50,0.24
2025-01-24T08:00,0.687,25.7,7.53,5.3,52.0,939,536,50,0.13
2025-01-24T09:00,0.732,23.9,7.71,3.9,58.0,955,546,50,0.34
2025-01-24T10:00,0.702,19.8,7.54,2.0,57.4,1050,535,50,0.11
2025-01-24T11:00,0.672,28.0,7.74,6.8,52.1,866,541,50,0.25
2025-01-24T12:00,0.71,27.7,7.55,6.4,52.4,866,543,50,0.29
2025-01-24T13:00,0.67,25.2,7.63,5.1,53.8,946,537,50,0.17
2025-01-24T14:00,0.65,26.1,7.53,5.3,55.3,907,542,50,0.28
2025-01-24T15:00,0.655,27.3,7.81,6.6,52.0,900,535,50,0.13
2025-01-24T16:00,0.65,22.1,7.85,5.3,59.5,1001,544,50,0.33
2025-01-24T17:00,0.671,24.7,7.66,6.4,52.4,950,540,50,0.22
2025-01-24T18:00,0.68,28.0,7.71,4.6,52.0,878,537,50,0.16
2025-01-24T19:00,0.722,23.0,7.45,7.0,55.8,996,540,50,0.21
2025-01-24T20:00,0.688,26.9,7.65,5.5,52.3,888,543,50,0.28
2025-01-24T21:00,0.675,22.8,7.69,5.3,54.9,1007,537,50,0.17
2025-01-24T22:00,0.701,27.4,8.1,3.1,52.0,897,536,50,0.13
2025-01-24T23:00,0.65,26.2,7.51,5.4,52.0,918,538,50,0.2
2025-01-25T00:00,0.686,22.2,7.95,3.8,54.1,1029,535,50,0.1
2025-01-25T01:00,0.699,28.0,7.87,4.0,53.3,852,546,50,0.35
2025-01-25T02:00,0.65,24.5,7.75,3.8,52.0,966,536,50,0.15
2025-01-25T03:00,0.709,24.3,8.0,3.4,55.9,955,542,50,0.26
2025-01-25T04:00,0.688,26.9,7.76,8.2,55.9,891,542,50,0.26
2025-01-25T05:00,0.67,28.0,7.77,7.0,52.0,879,537,50,0.15
2025-01-25T06:00,0.696,23.9,7.69,7.9,58.8,969,541,50,0.24
2025-01-25T07:00,0.737,26.6,7.91,3.2,54.1,899,542,50,0.25
2025-01-25T08:00,0.685,27.6,7.89,5.1,52.6,883,539,50,0.2
2025-01-25T09:00,0.686,28.0,7.59,3.1,52.0,860,543,50,0.29
2025-01-25T10:00,0.669,27.0,7.48,4.0,52.0,886,542,50,0.28
2025-01-25T11:00,0.659,25.6,7.67,3.6,52.0,921,542,50,0.27
2025-01-25T12:00,0.701,24.5,7.56,6.9,56.5,960,539,50,0.19
2025-01-25T13:00,0.659,26.8,7.69,4.4,52.4,913,535,50,0.12
2025-01-25T14:00,0.682,24.0,7.91,6.6,53.5,976,538,50,0.18
2025-01-25T15:00,0.668,19.3,7.62,5.9,60.4,1050,540,50,0.23
2025-01-25T16:00,0.692,27.8,7.69,8.5,52.0,866,543,50,0.29
2025-01-25T17:00,0.688,28.0,7.71,2.8,52.0,898,531,50,0.01
2025-01-25T18:00,0.706,20.8,7.84,6.9,61.6,1048,541,50,0.23
2025-01-25T19:00,0.667,24.2,7.32,6.7,52.0,961,541,50,0.24
2025-01-25T20:00,0.673,28.0,7.6,3.5,52.0,876,538,50,0.17
2025-01-25T21:00,0.656,28.0,7.74,6.5,52.0,854,544,50,0.33
2025-01-25T22:00,0.669,26.8,7.9,5.5,52.3,894,541,50,0.25
2025-01-25T23:00,0.689,25.0,7.62,4.7,56.6,932,544,50,0.31
2025-01-26T00:00,0.699,26.4,7.38,3.8,52.0,916,538,50,0.18
2025-01-26T01:00,0.657,28.0,7.81,3.9,52.0,862,542,50,0.27
2025-01-26T02:00,0.702,25.2,7.59,8.1,56.4,917,547,50,0.37
2025-01-26T03:00,0.714,24.9,7.5,5.0,58.1,934,545,50,0.31
2025-01-26T04:00,0.69,25.7,7.59,6.2,52.5,940,536,50,0.13
2025-01-26T05:00,0.727,24.5,7.67,3.8,54.9,963,539,50,0.18
2025-01-26T06:00,0.661,27.2,7.6,3.8,52.0,896,537,50,0.17
2025-01-26T07:00,0.65,28.0,7.33,6.6,52.0,863,541,50,0.27
2025-01-26T08:00,0.65,27.7,7.85,3.0,52.4,873,541,50,0.24
2025-01-26T09:00,0.717,26.3,7.92,4.4,52.0,924,537,50,0.14
2025-01-26T10:00,0.696,26.2,7.81,5.1,53.9,915,540,50,0.22
2025-01-26T11:00,0.679,23.0,7.51,5.2,56.4,1017,532,50,0.05
2025-01-26T12:00,0.687,28.0,7.67,4.7,54.2,855,545,50,0.32
2025-01-26T13:00,0.652,26.8,7.7,5.6,52.0,906,537,50,0.17
2025-01-26T14:00,0.741,26.5,7.8,6.0,52.2,906,541,50,0.22
2025-01-26T15:00,0.683,28.0,7.81,6.1,52.0,873,539,50,0.2
2025-01-26T16:00,0.683,27.7,7.58,3.5,52.0,867,543,50,0.29
2025-01-26T17:00,0.698,25.1,7.71,4.6,52.0,971,531,50,0.01
2025-01-26T18:00,0.692,25.9,7.78,6.8,53.9,920,540,50,0.23
2025-01-26T19:00,0.686,28.0,7.95,6.3,52.0,870,540,50,0.21
2025-01-26T20:00,0.66,27.3,7.82,2.9,52.0,897,537,50,0.15
2025-01-26T21:00,0.692,23.4,7.83,5.5,55.3,966,546,50,0.35
2025-01-26T22:00,0.727,28.0,7.71,2.0,52.0,885,536,50,0.11
2025-01-26T23:00,0.714,25.3,7.94,5.1,55.9,929,543,50,0.27
2025-01-27T00:00,0.72,28.0,7.77,7.8,54.9,863,543,50,0.27
2025-01-27T01:00,0.667,28.0,7.55,3.6,52.0,858,543,50,0.3
2025-01-27T02:00,0.655,25.9,7.94,3.7,52.0,933,536,50,0.14
2025-01-27T03:00,0.677,28.0,7.82,6.1,52.0,877,537,50,0.16
2025-01-27T04:00,0.681,27.2,7.62,2.7,52.0,882,542,50,0.27
2025-01-27T05:00,0.707,28.0,7.62,4.1,52.0,867,541,50,0.23
2025-01-27T06:00,0.65,28.0,7.75,5.9,52.0,887,534,50,0.1
2025-01-27T07:00,0.718,24.9,7.78,4.0,55.1,956,538,50,0.16
2025-01-27T08:00,0.676,25.4,7.73,4.6,54.1,932,541,50,0.24
2025-01-27T09:00,0.669,28.0,7.75,6.1,52.0,860,543,50,0.29
2025-01-27T10:00,0.655,26.1,7.99,5.6,52.0,924,537,50,0.16
2025-01-27T11:00,0.65,26.0,7.88,5.4,52.0,950,530,50,0.01
2025-01-27T12:00,0.701,24.6,7.73,4.5,59.0,951,541,50,0.25
2025-01-27T13:00,0.682,28.0,7.86,5.6,52.0,883,535,50,0.12
2025-01-27T14:00,0.65,28.0,7.52,4.8,52.0,893,532,50,0.05
2025-01-27T15:00,0.65,24.3,7.77,5.7,52.0,992,530,50,0.01
2025-01-27T16:00,0.672,27.0,8.01,4.3,53.8,888,542,50,0.27
2025-01-27T17:00,0.722,28.0,7.66,4.7,52.0,870,540,50,0.22
2025-01-27T18:00,0.674,26.7,7.56,3.5,52.0,908,538,50,0.18
2025-01-27T19:00,0.65,28.0,7.59,4.9,54.2,855,544,50,0.32
2025-01-27T20:00,0.674,24.2,7.51,3.8,56.7,960,541,50,0.25
2025-01-27T21:00,0.673,27.9,7.57,3.3,52.0,856,544,50,0.32
2025-01-27T22:00,0.65,26.4,7.64,5.4,52.0,926,534,50,0.1
2025-01-27T23:00,0.679,28.0,7.46,5.3,53.0,871,539,50,0.21
2025-01-28T00:00,0.674,28.0,7.7,6.2,52.0,887,534,50,0.09
2025-01-28T01:00,0.697,28.0,7.85,4.4,52.0,874,539,50,0.19
2025-01-28T02:00,0.726,28.0,7.55,5.6,52.0,873,540,50,0.2
2025-01-28T03:00,0.708,27.6,7.96,5.8,52.3,873,543,50,0.27
2025-01-28T04:00,0.673,27.2,7.79,5.7,52.0,888,540,50,0.22
2025-01-28T05:00,0.652,25.9,7.88,3.8,55.1,919,541,50,0.25
2025-01-28T06:00,0.744,27.6,7.59,5.2,52.0,873,543,50,0.27
2025-01-28T07:00,0.681,26.0,7.85,5.5,54.4,896,547,50,0.39
2025-01-28T08:00,0.68,27.1,7.51,5.0,52.6,896,538,50,0.18
2025-01-28T09:00,0.679,28.0,7.85,2.0,52.0,885,535,50,0.1
2025-01-28T10:00,0.685,24.1,7.73,5.2,57.8,964,541,50,0.23
2025-01-28T11:00,0.676,28.0,7.79,8.3,52.0,875,538,50,0.18
2025-01-28T12:00,0.666,28.0,7.5,4.5,52.0,855,544,50,0.32
2025-01-28T13:00,0.666,26.3,7.55,3.9,52.0,918,538,50,0.18
2025-01-28T14:00,0.679,21.3,7.8,5.6,57.6,1045,538,50,0.17
2025-01-28T15:00,0.666,25.0,7.54,5.5,52.0,950,538,50,0.18
2025-01-28T16:00,0.662,28.0,7.78,6.8,52.0,860,543,50,0.29
2025-01-28T17:00,0.683,26.4,7.47,3.1,52.0,914,538,50,0.18
2025-01-28T18:00,0.674,24.0,7.84,6.1,55.5,977,538,50,0.17
2025-01-28T19:00,0.718,25.2,7.49,5.9,58.0,921,546,50,0.35
2025-01-28T20:00,0.65,28.0,7.79,4.8,52.0,880,536,50,0.14
2025-01-28T21:00,0.707,27.8,7.81,5.5,53.4,876,540,50,0.22
2025-01-28T22:00,0.711,25.8,7.58,6.5,59.0,917,543,50,0.28
2025-01-28T23:00,0.65,25.4,7.8,6.3,52.0,952,534,50,0.09
2025-01-29T00:00,0.671,25.3,7.74,3.3,52.5,935,540,50,0.23
2025-01-29T01:00,0.671,24.0,7.61,6.2,58.7,981,536,50,0.14
2025-01-29T02:00,0.65,28.0,7.53,4.9,52.0,862,542,50,0.27
2025-01-29T03:00,0.661,25.4,7.37,5.1,52.0,946,536,50,0.13
2025-01-29T04:00,0.652,28.0,7.76,5.1,52.0,863,542,50,0.27
2025-01-29T05:00,0.724,28.0,7.43,4.8,54.8,859,544,50,0.3
2025-01-29T06:00,0.703,28.0,7.72,6.8,52.7,858,544,50,0.3
2025-01-29T07:00,0.712,25.0,7.66,4.9,53.7,943,541,50,0.23
2025-01-29T08:00,0.698,27.1,7.82,3.3,52.0,899,538,50,0.17
2025-01-29T09:00,0.652,26.0,7.65,4.4,52.0,929,537,50,0.16
2025-01-29T10:00,0.667,23.7,7.64,5.3,55.5,960,545,50,0.33
2025-01-29T11:00,0.692,26.8,7.82,6.8,52.0,907,538,50,0.17
2025-01-29T12:00,0.65,23.0,7.76,5.9,53.5,1006,536,50,0.14
2025-01-29T13:00,0.698,28.0,7.75,3.7,52.0,865,542,50,0.25
2025-01-29T14:00,0.674,24.7,7.78,8.7,55.9,957,538,50,0.18
2025-01-29T15:00,0.671,26.3,7.44,5.4,52.0,923,536,50,0.14
2025-01-29T16:00,0.698,26.5,7.83,6.9,52.0,922,535,50,0.11
2025-01-29T17:00,0.691,25.1,7.8,4.8,52.8,949,538,50,0.17
2025-01-29T18:00,0.671,27.2,7.53,5.8,52.0,891,539,50,0.21
2025-01-29T19:00,0.709,24.5,7.66,6.3,52.3,954,541,50,0.24
2025-01-29T20:00,0.653,27.8,7.69,6.8,52.3,862,543,50,0.3
2025-01-29T21:00,0.695,22.2,7.68,6.6,56.5,1007,542,50,0.27
2025-01-29T22:00,0.695,25.9,7.76,6.3,56.0,924,540,50,0.21
2025-01-29T23:00,0.672,28.0,7.94,4.5,52.0,873,538,50,0.19
2025-01-30T00:00,0.688,23.0,7.88,4.1,56.2,992,541,50,0.24
2025-01-30T01:00,0.65,23.7,7.48,5.5,55.5,962,544,50,0.32
2025-01-30T02:00,0.703,26.7,7.81,6.4,52.3,900,541,50,0.23
2025-01-30T03:00,0.675,25.8,7.93,4.7,53.1,931,538,50,0.17
2025-01-30T04:00,0.667,26.2,7.77,6.6,52.0,925,536,50,0.15
2025-01-30T05:00,0.706,26.5,7.89,7.2,52.0,921,536,50,0.12
2025-01-30T06:00,0.662,26.8,8.04,3.6,52.2,894,541,50,0.25
2025-01-30T07:00,0.65,28.0,7.87,3.7,52.0,867,541,50,0.24
2025-01-30T08:00,0.65,26.2,7.74,4.8,52.1,910,541,50,0.25
2025-01-30T09:00,0.695,24.5,7.88,5.5,52.0,959,539,50,0.2
2025-01-30T10:00,0.65,26.8,7.72,4.2,54.9,887,544,50,0.31
2025-01-30T11:00,0.724,28.0,7.7,7.0,52.0,873,539,50,0.19
2025-01-30T12:00,0.65,24.7,7.64,5.6,53.9,943,543,50,0.29
2025-01-30T13:00,0.722,22.5,7.97,5.1,60.8,1008,540,50,0.21
2025-01-30T14:00,0.685,27.7,7.56,2.8,52.0,889,536,50,0.14
2025-01-30T15:00,0.678,24.6,7.96,3.0,52.9,953,541,50,0.24
2025-01-30T16:00,0.666,19.4,7.78,5.4,62.6,1050,541,50,0.25
2025-01-30T17:00,0.69,26.9,7.46,2.0,52.4,899,540,50,0.21
2025-01-30T18:00,0.679,23.4,7.76,6.5,56.8,983,540,50,0.23
2025-01-30T19:00,0.708,24.4,7.34,4.8,54.0,960,540,50,0.2
2025-01-30T20:00,0.683,25.5,7.81,9.9,58.4,901,550,50,0.45
2025-01-30T21:00,0.684,25.1,7.85,8.5,55.6,926,545,50,0.34
2025-01-30T22:00,0.671,26.3,7.6,4.7,54.1,905,542,50,0.27
2025-01-30T23:00,0.679,23.4,7.72,4.8,52.4,985,540,50,0.22
2025-01-31T00:00,0.688,25.7,8.03,6.5,54.0,914,544,50,0.31
2025-01-31T01:00,0.65,23.7,7.61,7.6,59.2,968,542,50,0.28
2025-01-31T02:00,0.65,26.2,7.52,2.5,52.0,919,538,50,0.19
2025-01-31T03:00,0.699,25.8,7.95,2.3,52.0,932,537,50,0.16
2025-01-31T04:00,0.684,21.9,8.03,4.1,56.5,1025,539,50,0.19
2025-01-31T05:00,0.675,26.9,7.7,5.9,52.0,926,530,50,0.01
2025-01-31T06:00,0.68,22.8,7.87,5.7,52.9,997,541,50,0.23
2025-01-31T07:00,0.689,26.1,7.93,6.6,52.0,921,539,50,0.19
2025-01-31T08:00,0.667,25.0,7.57,3.2,55.9,931,544,50,0.32
2025-01-31T09:00,0.661,28.0,7.62,2.0,52.0,875,538,50,0.18
2025-01-31T10:00,0.685,23.4,7.91,6.3,54.0,997,536,50,0.13
2025-01-31T11:00,0.656,23.0,7.99,3.8,55.6,997,538,50,0.19
2025-01-31T12:00,0.69,23.8,7.8,2.0,55.2,991,534,50,0.1
2025-01-31T13:00,0.65,23.1,7.55,5.2,56.1,989,541,50,0.25
2025-01-31T14:00,0.706,25.8,8.04,6.2,52.8,922,541,50,0.25
2025-01-31T15:00,0.692,19.7,7.61,4.8,61.2,1050,543,50,0.28
2025-01-31T16:00,0.686,21.0,7.64,4.3,58.4,1050,536,50,0.14
2025-01-31T17:00,0.705,20.9,7.76,4.8,61.6,1047,540,50,0.21
2025-01-31T18:00,0.722,25.9,7.96,4.4,52.0,938,535,50,0.1
2025-01-31T19:00,0.705,27.8,7.85,3.0,52.0,871,541,50,0.25
2025-01-31T20:00,0.65,23.2,7.77,3.9,56.7,986,540,50,0.24
2025-01-31T21:00,0.65,23.0,7.78,5.8,54.9,989,541,50,0.26
2025-01-31T22:00,0.664,23.5,7.71,5.5,55.5,981,539,50,0.21
2025-01-31T23:00,0.681,26.2,7.79,5.3,52.0,910,541,50,0.25
2025-02-01T00:00,0.693,20.9,7.3,3.5,57.7,1031,545,50,0.32
2025-02-01T01:00,0.662,23.8,7.65,4.7,55.2,979,538,50,0.18
2025-02-01T02:00,0.685,25.6,7.74,2.0,52.1,933,539,50,0.19
2025-02-01T03:00,0.661,24.4,7.5,5.3,53.1,973,535,50,0.13
2025-02-01T04:00,0.665,23.5,7.77,7.1,54.4,989,537,50,0.16
2025-02-01T05:00,0.65,25.5,7.67,2.8,52.0,935,538,50,0.2
2025-02-01T06:00,0.657,18.0,8.0,4.1,63.2,1050,543,50,0.29
2025-02-01T07:00,0.65,24.6,7.97,5.5,52.0,958,538,50,0.19
2025-02-01T08:00,0.656,21.2,7.62,6.9,60.5,1040,539,50,0.21
2025-02-01T09:00,0.706,18.2,7.67,4.3,59.1,1050,538,50,0.17
2025-02-01T10:00,0.656,24.0,7.69,4.0,53.3,977,537,50,0.16
2025-02-01T11:00,0.746,26.1,7.62,2.0,52.0,918,540,50,0.2
2025-02-01T12:00,0.692,22.3,7.73,5.2,56.1,1029,534,50,0.09
2025-02-01T13:00,0.685,25.0,7.57,8.1,55.7,927,546,50,0.34
2025-02-01T14:00,0.659,26.6,7.51,5.4,52.0,913,537,50,0.16
2025-02-01T15:00,0.698,25.8,7.81,5.0,55.7,918,542,50,0.27
2025-02-01T16:00,0.666,26.6,7.81,5.5,52.0,920,535,50,0.11
2025-02-01T17:00,0.683,24.3,7.56,5.0,56.6,956,542,50,0.26
2025-02-01T18:00,0.744,22.5,7.85,3.8,56.6,1001,542,50,0.25
2025-02-01T19:00,0.678,18.3,7.59,6.2,60.0,1050,541,50,0.25
2025-02-01T20:00,0.709,21.6,7.74,5.3,57.0,1040,536,50,0.13
2025-02-01T21:00,0.662,20.1,7.84,5.0,59.2,1050,540,50,0.23
2025-02-01T22:00,0.679,27.6,7.69,3.5,52.0,896,535,50,0.1
2025-02-01T23:00,0.724,21.7,7.78,7.0,58.3,1029,540,50,0.21
2025-02-02T00:00,0.664,22.4,7.61,6.0,58.8,998,543,50,0.3
2025-02-02T01:00,0.725,23.4,7.67,4.2,54.4,978,543,50,0.27
2025-02-02T02:00,0.698,22.1,7.67,6.5,61.2,1016,540,50,0.23
2025-02-02T03:00,0.666,26.2,7.57,4.3,52.0,929,535,50,0.12
2025-02-02T04:00,0.696,20.3,7.67,3.8,61.6,1050,541,50,0.25
2025-02-02T05:00,0.704,22.3,7.44,3.9,55.7,1014,539,50,0.2
2025-02-02T06:00,0.696,19.9,7.62,2.3,57.1,1050,531,50,0.01
2025-02-02T07:00,0.65,18.4,7.65,5.7,60.2,1050,542,50,0.28
2025-02-02T08:00,0.662,20.1,7.66,2.3,59.7,1050,538,50,0.18
2025-02-02T09:00,0.674,21.5,7.66,3.2,58.6,1021,543,50,0.29
2025-02-02T10:00,0.678,20.5,7.69,2.0,57.1,1050,534,50,0.09
2025-02-02T11:00,0.696,19.8,7.78,4.9,57.9,1050,531,50,0.01
2025-02-02T12:00,0.684,18.0,7.85,4.8,60.4,1050,540,50,0.23
2025-02-02T13:00,0.65,21.2,7.59,4.5,57.0,1037,540,50,0.23
2025-02-02T14:00,0.69,18.0,7.5,3.4,60.4,1050,533,50,0.06
2025-02-02T15:00,0.695,23.3,7.52,3.2,58.2,1003,535,50,0.11
2025-02-02T16:00,0.694,21.5,7.62,5.7,62.0,1001,550,50,0.44
2025-02-02T17:00,0.707,18.0,7.64,4.2,63.1,1050,538,50,0.18
2025-02-02T18:00,0.701,20.4,7.57,5.5,60.5,1050,543,50,0.27
2025-02-02T19:00,0.691,19.3,7.48,3.7,63.1,1050,537,50,0.14
2025-02-02T20:00,0.678,21.9,7.62,5.3,52.0,1046,532,50,0.05
2025-02-02T21:00,0.65,24.4,7.73,7.0,54.3,959,539,50,0.22
2025-02-02T22:00,0.691,18.0,7.8,5.9,59.2,1050,539,50,0.2
2025-02-02T23:00,0.685,21.3,7.61,4.4,53.1,1044,538,50,0.17
2025-02-03T00:00,0.687,20.6,7.63,5.4,59.7,1050,539,50,0.2
2025-02-03T01:00,0.65,22.6,7.54,4.6,56.8,1003,540,50,0.23
2025-02-03T02:00,0.653,21.4,7.69,5.0,57.0,1037,539,50,0.2
2025-02-03T03:00,0.706,18.9,7.56,4.5,59.3,1050,535,50,0.1
2025-02-03T04:00,0.679,20.0,7.8,4.8,66.0,1050,541,50,0.25
2025-02-03T05:00,0.697,18.7,7.4,5.3,58.3,1050,533,50,0.06
2025-02-03T06:00,0.681,23.4,7.64,3.5,53.4,1011,531,50,0.03
2025-02-03T07:00,0.681,20.7,7.75,3.5,58.6,1047,541,50,0.25
2025-02-03T08:00,0.703,25.4,7.73,2.9,54.6,934,541,50,0.23
2025-02-03T09:00,0.667,20.4,8.1,2.6,58.2,1050,538,50,0.18
2025-02-03T10:00,0.682,18.8,7.76,3.2,58.2,1050,534,50,0.08
2025-02-03T11:00,0.668,18.0,7.53,5.2,64.3,1050,537,50,0.16
2025-02-03T12:00,0.669,18.0,7.68,3.7,63.5,1050,538,50,0.18
2025-02-03T13:00,0.672,18.0,7.4,5.8,60.2,1050,534,50,0.09
2025-02-03T14:00,0.686,21.0,7.69,5.1,53.4,1050,537,50,0.15
2025-02-03T15:00,0.668,21.6,7.56,2.0,57.5,1027,540,50,0.23
2025-02-03T16:00,0.711,18.0,7.86,6.0,69.7,1050,546,50,0.33
2025-02-03T17:00,0.658,22.5,7.61,6.2,55.7,1011,538,50,0.19
2025-02-03T18:00,0.675,19.0,7.68,3.5,63.7,1050,541,50,0.26
2025-02-03T19:00,0.669,20.6,7.59,5.6,58.9,1050,533,50,0.06
2025-02-03T20:00,0.716,24.2,8.0,3.7,56.4,960,542,50,0.25
2025-02-03T21:00,0.685,22.4,7.65,5.1,54.4,1020,537,50,0.15
2025-02-03T22:00,0.706,19.4,8.01,3.1,56.6,1050,540,50,0.22
2025-02-03T23:00,0.65,18.0,7.84,2.3,62.2,1050,537,50,0.16
2025-02-04T00:00,0.687,18.0,7.78,4.4,62.6,1050,544,50,0.31
2025-02-04T01:00,0.702,18.2,7.76,4.8,61.3,1050,537,50,0.14
2025-02-04T02:00,0.682,19.4,7.77,4.4,59.1,1050,541,50,0.25
2025-02-04T03:00,0.707,18.0,7.37,3.2,61.4,1050,538,50,0.17
2025-02-04T04:00,0.667,19.6,7.65,4.4,59.9,1050,538,50,0.19
2025-02-04T05:00,0.715,20.1,7.84,5.4,60.5,1050,539,50,0.2
2025-02-04T06:00,0.737,19.3,7.69,4.9,58.2,1050,537,50,0.14
2025-02-04T07:00,0.671,18.2,7.46,5.3,64.0,1050,539,50,0.21
2025-02-04T08:00,0.669,20.2,7.69,4.0,58.1,1050,539,50,0.19
2025-02-04T09:00,0.716,20.8,7.99,6.8,56.9,1044,542,50,0.25
2025-02-04T10:00,0.719,18.0,7.91,3.2,62.4,1050,540,50,0.2
2025-02-04T11:00,0.667,23.2,7.69,5.7,57.1,980,542,50,0.28
2025-02-04T12:00,0.669,19.4,7.86,6.8,62.3,1050,543,50,0.3
2025-02-04T13:00,0.673,19.7,7.64,5.7,61.2,1050,536,50,0.13
2025-02-04T14:00,0.65,21.4,7.41,4.7,58.5,1027,542,50,0.28
2025-02-04T15:00,0.657,20.2,7.54,4.2,57.2,1050,534,50,0.11
2025-02-04T16:00,0.655,21.9,7.97,6.6,56.3,1014,542,50,0.27
2025-02-04T17:00,0.661,20.2,7.65,2.9,61.2,1050,540,50,0.24
2025-02-04T18:00,0.679,18.0,7.66,3.5,59.5,1050,532,50,0.04
2025-02-04T19:00,0.686,20.4,7.65,4.4,58.7,1050,540,50,0.21
2025-02-04T20:00,0.719,18.0,8.02,6.9,59.0,1050,539,50,0.19
2025-02-04T21:00,0.655,19.7,7.98,5.6,61.4,1050,537,50,0.15
2025-02-04T22:00,0.705,19.3,8.08,3.5,60.4,1050,544,50,0.3
2025-02-04T23:00,0.675,18.9,7.67,4.5,59.0,1050,537,50,0.15
2025-02-05T00:00,0.679,19.0,7.75,4.1,60.3,1050,536,50,0.14
2025-02-05T01:00,0.697,18.0,7.44,3.9,60.2,1050,539,50,0.21
2025-02-05T02:00,0.652,18.0,7.95,6.5,60.4,1050,542,50,0.28
2025-02-05T03:00,0.69,19.5,7.5,2.9,56.1,1050,538,50,0.18
2025-02-05T04:00,0.684,19.7,7.74,7.4,63.6,1050,545,50,0.33
2025-02-05T05:00,0.692,18.0,7.51,6.2,62.4,1050,542,50,0.26
2025-02-05T06:00,0.687,22.4,7.6,6.6,59.4,1032,532,50,0.05
2025-02-05T07:00,0.741,18.0,7.56,4.3,60.4,1050,538,50,0.16
2025-02-05T08:00,0.664,21.6,7.6,4.8,55.1,1036,537,50,0.16
2025-02-05T09:00,0.667,20.3,7.61,2.9,58.6,1050,540,50,0.23
2025-02-05T10:00,0.664,18.0,7.61,4.2,58.8,1050,530,50,0.01
2025-02-05T11:00,0.666,23.6,7.84,5.7,58.2,951,549,50,0.42
2025-02-05T12:00,0.664,18.0,7.51,6.9,64.2,1050,542,50,0.27
2025-02-05T13:00,0.71,21.4,7.74,3.3,56.6,1035,540,50,0.21
2025-02-05T14:00,0.716,21.6,7.91,4.5,57.5,1017,544,50,0.3
2025-02-05T15:00,0.666,18.0,7.61,4.8,62.1,1050,548,50,0.4
2025-02-05T16:00,0.659,22.6,7.58,2.9,53.3,999,541,50,0.26
2025-02-05T17:00,0.692,18.5,7.66,5.9,62.4,1050,543,50,0.29
2025-02-05T18:00,0.666,19.8,7.9,3.9,59.3,1050,539,50,0.21
2025-02-05T19:00,0.696,19.7,7.73,4.7,59.0,1050,539,50,0.2
2025-02-05T20:00,0.685,18.7,7.61,4.3,62.8,1050,538,50,0.17
2025-02-05T21:00,0.65,21.1,7.78,3.8,58.9,1050,535,50,0.13
2025-02-05T22:00,0.719,21.0,7.51,5.0,57.5,1050,538,50,0.15
2025-02-05T23:00,0.725,18.0,7.82,4.7,57.6,1050,535,50,0.1
2025-02-06T00:00,0.665,22.3,7.77,4.4,55.6,1015,539,50,0.2
2025-02-06T01:00,0.67,18.0,7.65,3.9,58.4,1050,533,50,0.06
2025-02-06T02:00,0.687,21.6,7.56,5.5,57.2,1028,540,50,0.23
2025-02-06T03:00,0.688,21.8,7.55,7.5,56.9,1022,541,50,0.23
2025-02-06T04:00,0.696,18.0,7.79,5.2,61.5,1050,540,50,0.22
2025-02-06T05:00,0.73,18.0,7.91,6.5,61.7,1050,539,50,0.18
2025-02-06T06:00,0.676,18.0,7.59,2.9,65.0,1050,550,50,0.44
2025-02-06T07:00,0.66,18.5,7.78,5.2,63.7,1050,544,50,0.32
2025-02-06T08:00,0.65,18.2,7.35,3.4,60.1,1050,534,50,0.09
2025-02-06T09:00,0.662,20.9,7.6,2.8,56.7,1047,539,50,0.21
2025-02-06T10:00,0.679,22.3,7.69,3.9,58.3,1022,537,50,0.15
2025-02-06T11:00,0.725,22.5,7.55,6.8,54.5,1017,537,50,0.15
2025-02-06T12:00,0.667,18.0,7.54,6.4,57.4,1050,535,50,0.12
2025-02-06T13:00,0.686,18.5,7.59,5.4,63.1,1050,541,50,0.25
2025-02-06T14:00,0.68,18.0,7.75,2.7,59.3,1050,536,50,0.13
2025-02-06T15:00,0.71,18.0,7.67,4.7,64.5,1050,543,50,0.28
2025-02-06T16:00,0.743,21.4,7.32,5.5,56.2,1023,544,50,0.29
2025-02-06T17:00,0.667,23.1,7.34,5.3,60.5,978,544,50,0.32
2025-02-06T18:00,0.668,18.0,7.6,2.2,61.5,1050,535,50,0.11
2025-02-06T19:00,0.706,18.0,7.78,3.7,60.3,1050,541,50,0.23
2025-02-06T20:00,0.697,19.0,7.3,4.9,59.5,1050,542,50,0.26
2025-02-06T21:00,0.726,19.7,7.62,5.8,63.2,1050,539,50,0.18
2025-02-06T22:00,0.695,18.0,7.61,2.0,59.4,1050,536,50,0.12
2025-02-06T23:00,0.671,20.1,7.94,4.8,60.3,1050,545,50,0.34
2025-02-07T00:00,0.695,18.0,7.63,5.2,58.7,1050,541,50,0.23
2025-02-07T01:00,0.708,19.0,7.77,6.3,61.9,1050,543,50,0.27
2025-02-07T02:00,0.701,20.4,7.72,6.0,58.1,1050,537,50,0.15
2025-02-07T03:00,0.693,19.1,7.34,5.9,60.7,1050,536,50,0.12
2025-02-07T04:00,0.707,18.0,7.83,3.8,59.0,1050,537,50,0.15
2025-02-07T05:00,0.709,18.8,7.74,2.1,58.2,1050,538,50,0.17
2025-02-07T06:00,0.715,18.9,7.79,4.4,60.8,1050,536,50,0.12
2025-02-07T07:00,0.696,18.2,8.1,6.5,64.2,1050,540,50,0.22
2025-02-07T08:00,0.676,18.5,7.35,7.1,56.7,1050,534,50,0.1
2025-02-07T09:00,0.684,23.2,7.99,6.1,56.6,1003,536,50,0.13
2025-02-07T10:00,0.71,20.6,7.65,5.6,60.7,1048,543,50,0.27
2025-02-07T11:00,0.66,18.5,7.75,5.6,64.3,1050,542,50,0.26
2025-02-07T12:00,0.689,21.0,7.69,4.2,57.9,1050,538,50,0.17
2025-02-07T13:00,0.67,18.4,7.63,4.8,55.6,1050,536,50,0.13
2025-02-07T14:00,0.681,22.2,7.6,7.5,55.9,1024,537,50,0.15
2025-02-07T15:00,0.712,20.2,7.76,3.6,61.1,1050,538,50,0.17
2025-02-07T16:00,0.685,19.0,7.44,7.4,60.8,1050,543,50,0.29
2025-02-07T17:00,0.681,20.4,7.83,4.5,59.9,1050,543,50,0.28
2025-02-07T18:00,0.65,18.0,7.63,7.0,61.1,1050,538,50,0.19
2025-02-07T19:00,0.699,18.0,7.51,2.9,55.2,1050,535,50,0.1
2025-02-07T20:00,0.696,18.0,7.62,5.9,66.0,1050,541,50,0.24
2025-02-07T21:00,0.734,19.7,7.91,3.9,57.9,1050,537,50,0.13
2025-02-07T22:00,0.672,23.7,7.61,2.9,55.0,986,537,50,0.15
2025-02-07T23:00,0.685,25.0,7.76,5.3,55.7,930,544,50,0.32
2025-02-08T00:00,0.686,21.0,7.58,6.5,62.4,1033,543,50,0.29
2025-02-08T01:00,0.719,20.7,7.83,3.7,60.2,1050,540,50,0.21
2025-02-08T02:00,0.678,18.0,7.82,2.8,59.5,1050,534,50,0.09
2025-02-08T03:00,0.687,18.2,8.01,4.9,60.8,1050,540,50,0.23
2025-02-08T04:00,0.695,18.0,7.67,4.9,65.4,1050,543,50,0.29
2025-02-08T05:00,0.685,18.0,7.81,5.8,58.5,1050,539,50,0.19
2025-02-08T06:00,0.669,19.2,7.72,6.4,64.0,1050,545,50,0.33
2025-02-08T07:00,0.685,18.4,7.92,4.9,61.6,1050,544,50,0.31
2025-02-08T08:00,0.707,18.0,7.58,7.8,67.7,1050,547,50,0.37
2025-02-08T09:00,0.654,21.5,7.83,5.3,58.4,1028,540,50,0.24
2025-02-08T10:00,0.683,18.0,7.67,4.5,64.2,1050,541,50,0.25
2025-02-08T11:00,0.662,20.3,7.69,2.6,60.9,1050,543,50,0.3
2025-02-08T12:00,0.71,24.9,7.72,4.6,52.0,942,541,50,0.24
2025-02-08T13:00,0.65,18.0,7.74,4.5,59.4,1050,537,50,0.16
2025-02-08T14:00,0.666,18.0,7.68,6.4,62.8,1050,538,50,0.19
2025-02-08T15:00,0.689,19.1,7.74,5.7,61.7,1050,541,50,0.24
2025-02-08T16:00,0.719,22.6,7.97,3.2,57.1,1022,535,50,0.09
2025-02-08T17:00,0.678,24.8,7.87,5.3,54.6,952,539,50,0.2
2025-02-08T18:00,0.666,18.0,7.85,6.0,62.0,1050,544,50,0.31
2025-02-08T19:00,0.727,21.2,7.62,7.3,54.8,1050,533,50,0.06
2025-02-08T20:00,0.65,18.9,7.55,6.3,63.4,1050,545,50,0.35
2025-02-08T21:00,0.65,19.8,7.86,6.1,57.3,1050,544,50,0.31
2025-02-08T22:00,0.691,26.7,7.85,5.1,54.3,908,538,50,0.17
2025-02-08T23:00,0.667,18.0,7.95,5.6,63.7,1050,541,50,0.26
2025-02-09T00:00,0.654,20.8,7.6,6.9,61.0,1048,540,50,0.23
2025-02-09T01:00,0.698,21.4,7.66,3.0,57.0,1026,543,50,0.29
2025-02-09T02:00,0.686,22.9,7.42,4.5,59.9,987,543,50,0.28
2025-02-09T03:00,0.666,20.5,7.63,3.8,60.8,1050,534,50,0.09
2025-02-09T04:00,0.65,21.1,7.87,5.6,56.7,1037,541,50,0.26
2025-02-09T05:00,0.702,19.4,7.62,6.8,62.3,1050,540,50,0.21
2025-02-09T06:00,0.696,21.0,7.81,4.1,58.7,1045,540,50,0.21
2025-02-09T07:00,0.678,19.6,7.67,2.0,55.9,1050,535,50,0.12
2025-02-09T08:00,0.726,22.0,7.76,4.4,61.3,1002,546,50,0.34
2025-02-09T09:00,0.653,19.6,7.5,6.4,63.2,1050,543,50,0.31
2025-02-09T10:00,0.65,21.5,7.71,5.8,55.6,1041,537,50,0.16
2025-02-09T11:00,0.663,20.5,7.3,5.6,59.3,1050,535,50,0.11
2025-02-09T12:00,0.679,23.4,7.67,4.6,52.0,990,538,50,0.17
2025-02-09T13:00,0.686,20.5,7.42,3.1,56.9,1050,540,50,0.23
2025-02-09T14:00,0.674,18.0,7.91,5.8,62.8,1050,541,50,0.24
2025-02-09T15:00,0.689,23.9,7.83,3.7,56.9,961,544,50,0.3
2025-02-09T16:00,0.65,18.5,7.78,8.3,61.6,1050,543,50,0.31
2025-02-09T17:00,0.716,19.2,7.96,5.9,64.3,1050,544,50,0.3
2025-02-09T18:00,0.678,19.4,7.54,4.1,61.8,1050,540,50,0.23
2025-02-09T19:00,0.708,24.3,8.0,4.1,54.4,979,534,50,0.09
2025-02-09T20:00,0.689,18.0,7.86,4.9,61.8,1050,539,50,0.19
2025-02-09T21:00,0.691,28.0,7.66,4.6,52.9,859,543,50,0.29
2025-02-09T22:00,0.694,23.7,7.89,6.7,55.0,977,540,50,0.22
2025-02-09T23:00,0.691,21.6,7.51,5.3,62.5,1024,542,50,0.25
2025-02-10T00:00,0.696,21.0,7.56,3.9,56.7,1050,538,50,0.17
2025-02-10T01:00,0.713,21.9,7.6,7.8,60.8,1031,538,50,0.16
2025-02-10T02:00,0.685,22.5,7.61,5.1,56.8,1009,539,50,0.2
2025-02-10T03:00,0.698,22.9,7.52,6.2,54.8,994,541,50,0.25
2025-02-10T04:00,0.678,22.7,7.91,4.1,57.9,1012,537,50,0.15
2025-02-10T05:00,0.716,21.6,7.66,5.5,58.4,1033,539,50,0.2
2025-02-10T06:00,0.663,20.9,7.76,5.5,58.8,1050,536,50,0.14
2025-02-10T07:00,0.725,21.1,7.6,2.2,62.5,1036,543,50,0.27
2025-02-10T08:00,0.679,21.0,7.39,8.0,59.3,1045,540,50,0.22
2025-02-10T09:00,0.65,24.4,7.75,6.9,55.5,943,545,50,0.35
2025-02-10T10:00,0.683,23.1,7.37,4.4,60.0,978,545,50,0.33
2025-02-10T11:00,0.663,18.0,7.69,3.3,61.5,1050,538,50,0.19
2025-02-10T12:00,0.701,23.3,7.47,5.5,56.0,998,536,50,0.13
2025-02-10T13:00,0.664,22.2,8.04,5.1,52.0,1039,532,50,0.04
2025-02-10T14:00,0.669,21.7,7.85,5.5,56.4,1043,534,50,0.1
2025-02-10T15:00,0.65,20.8,7.72,5.3,55.3,1050,534,50,0.1
2025-02-10T16:00,0.669,24.7,7.91,5.8,59.1,937,545,50,0.33
2025-02-10T17:00,0.65,24.3,7.56,7.2,55.9,959,540,50,0.24
2025-02-10T18:00,0.65,20.0,7.79,5.9,60.5,1050,541,50,0.25
2025-02-10T19:00,0.699,23.0,7.73,3.4,53.8,1022,531,50,0.02
2025-02-10T20:00,0.7,19.6,7.74,7.0,57.4,1050,536,50,0.13
2025-02-10T21:00,0.691,18.7,7.92,7.5,66.2,1050,544,50,0.31
2025-02-10T22:00,0.656,20.6,7.82,9.7,63.6,1046,542,50,0.28
2025-02-10T23:00,0.679,24.4,7.75,3.3,54.7,966,538,50,0.18
2025-02-11T00:00,0.68,24.6,7.42,5.4,58.0,948,542,50,0.26
2025-02-11T01:00,0.651,23.6,7.54,2.0,55.9,967,544,50,0.31
2025-02-11T02:00,0.718,24.2,7.68,5.8,53.7,968,540,50,0.2
2025-02-11T03:00,0.702,23.7,7.72,4.2,55.7,979,540,50,0.21
2025-02-11T04:00,0.674,20.8,7.51,7.9,60.3,1043,541,50,0.25
2025-02-11T05:00,0.681,23.6,8.1,3.8,58.0,956,548,50,0.39
2025-02-11T06:00,0.685,24.5,7.96,2.5,52.0,984,531,50,0.02
2025-02-11T07:00,0.65,24.5,7.8,4.3,55.4,952,541,50,0.26
2025-02-11T08:00,0.674,25.6,7.71,2.0,52.0,936,538,50,0.17
2025-02-11T09:00,0.663,24.5,7.66,6.1,56.2,951,542,50,0.27
2025-02-11T10:00,0.655,23.6,7.54,2.0,55.2,991,535,50,0.13
2025-02-11T11:00,0.673,25.5,7.71,5.0,53.4,934,539,50,0.21
2025-02-11T12:00,0.725,22.8,7.74,2.0,59.6,997,541,50,0.24
2025-02-11T13:00,0.696,20.7,7.49,4.5,61.3,1020,550,50,0.45
2025-02-11T14:00,0.666,22.5,7.76,7.5,59.0,995,543,50,0.3
2025-02-11T15:00,0.694,21.1,7.67,5.5,55.4,1050,537,50,0.15
